ensembl_id,most_likely_path,max_PP,gene_symbol
ENSG00000001084,Down-Up-Down,0.678,GCLC
ENSG00000004777,Up-Down-Up,0.5031,ARHGAP33
ENSG00000005075,Up-Down-Up,0.5205,POLR2J
ENSG00000005206,Up-Down-Up,0.5355,SPPL2B
ENSG00000006025,Up-Down-Up,0.5299,OSBPL7
ENSG00000006118,Up-Down-Up,0.515,TMEM132A
ENSG00000006282,Up-Down-Up,0.5085,SPATA20
ENSG00000006327,Up-Down-Up,0.5369,TNFRSF12A
ENSG00000006468,Down-Up-Down,0.5051,ETV1
ENSG00000006634,Down-Up-Down,0.5124,DBF4
ENSG00000007202,Down-Down-Up,0.5,KIAA0100
ENSG00000007376,Up-Down-Up,0.5349,RPUSD1
ENSG00000007384,Up-Down-Up,0.726,RHBDF1
ENSG00000007520,Up-Down-Up,0.5534,TSR3
ENSG00000007541,Up-Down-Up,0.6135,PIGQ
ENSG00000008324,Down-Down-Up,0.5138,SS18L2
ENSG00000008710,Up-Down-Up,0.7133,PKD1
ENSG00000010322,Up-Down-Up,0.6419,NISCH
ENSG00000011132,Up-Down-Up,0.5201,APBA3
ENSG00000011426,Down-Up-Down,0.5006,ANLN
ENSG00000013306,Up-Down-Up,0.5182,SLC25A39
ENSG00000021574,Down-Up-Down,0.5099,SPAST
ENSG00000023445,Down-Up-Down,0.5356,BIRC3
ENSG00000023608,Down-Up-Down,0.5205,SNAPC1
ENSG00000023909,Down-Up-Down,0.7484,GCLM
ENSG00000024526,Down-Up-Down,0.6514,DEPDC1
ENSG00000025796,Down-Up-Down,0.5074,SEC63
ENSG00000030582,Up-Down-Up,0.5115,GRN
ENSG00000032444,Up-Down-Up,0.501,PNPLA6
ENSG00000039650,Up-Down-Up,0.6357,PNKP
ENSG00000040275,Down-Up-Down,0.5034,SPDL1
ENSG00000044574,Down-Up-Down,0.5311,HSPA5
ENSG00000051523,Up-Down-Up,0.5197,CYBA
ENSG00000057704,Up-Down-Up,0.5062,TMCC3
ENSG00000058453,Up-Down-Up,0.5001,CROCC
ENSG00000059122,Up-Down-Up,0.6084,FLYWCH1
ENSG00000059769,Down-Up-Down,0.5337,DNAJC25
ENSG00000061938,Up-Down-Up,0.5613,TNK2
ENSG00000062282,Up-Down-Up,0.5007,DGAT2
ENSG00000062650,Down-Up-Down,0.5005,WAPL
ENSG00000062822,Up-Down-Up,0.5084,POLD1
ENSG00000063177,Up-Down-Up,0.5014,RPL18
ENSG00000063660,Up-Down-Up,0.5227,GPC1
ENSG00000064042,Down-Up-Down,0.5379,LIMCH1
ENSG00000064687,Up-Down-Up,0.5408,ABCA7
ENSG00000065054,Up-Up-Down,0.5198,SLC9A3R2
ENSG00000065268,Up-Down-Up,0.5352,WDR18
ENSG00000065548,Down-Up-Down,0.5023,ZC3H15
ENSG00000066279,Down-Up-Down,0.8284,ASPM
ENSG00000066322,Down-Down-Up,0.5003,ELOVL1
ENSG00000066777,Down-Up-Down,0.5019,ARFGEF1
ENSG00000068028,Up-Down-Up,0.5249,RASSF1
ENSG00000068784,Down-Up-Down,0.5609,SRBD1
ENSG00000069275,Down-Up-Down,0.5499,NUCKS1
ENSG00000069956,Down-Up-Down,0.5012,MAPK6
ENSG00000070081,Down-Up-Down,0.539,NUCB2
ENSG00000071082,Up-Down-Up,0.5001,RPL31
ENSG00000071889,Up-Down-Up,0.5981,FAM3A
ENSG00000071894,Up-Down-Up,0.5402,CPSF1
ENSG00000072310,Up-Down-Up,0.5854,SREBF1
ENSG00000072571,Down-Up-Down,0.5572,HMMR
ENSG00000073169,Up-Down-Up,0.5515,SELENOO
ENSG00000074071,Up-Down-Up,0.5036,MRPS34
ENSG00000074855,Up-Down-Up,0.5397,ANO8
ENSG00000075420,Down-Up-Down,0.5434,FNDC3B
ENSG00000076924,Up-Down-Up,0.5382,XAB2
ENSG00000077463,Up-Down-Up,0.568,SIRT6
ENSG00000079313,Up-Down-Up,0.5162,REXO1
ENSG00000079462,Up-Down-Up,0.5488,PAFAH1B3
ENSG00000080503,Down-Up-Down,0.5162,SMARCA2
ENSG00000080986,Down-Up-Down,0.5079,NDC80
ENSG00000083845,Up-Down-Up,0.572,RPS5
ENSG00000085224,Down-Up-Down,0.5323,ATRX
ENSG00000085662,Down-Down-Up,0.5,AKR1B1
ENSG00000086504,Up-Down-Up,0.5411,MRPL28
ENSG00000087266,Up-Down-Up,0.5943,SH3BP2
ENSG00000087586,Down-Up-Up,0.5,AURKA
ENSG00000088836,Up-Down-Up,0.6033,SLC4A11
ENSG00000089048,Down-Up-Down,0.6858,ESF1
ENSG00000089195,Down-Up-Down,0.509,TRMT6
ENSG00000090006,Up-Down-Up,0.5068,LTBP4
ENSG00000090013,Up-Down-Up,0.5823,BLVRB
ENSG00000093010,Up-Down-Up,0.6142,COMT
ENSG00000096063,Down-Up-Down,0.5923,SRPK1
ENSG00000097021,Up-Down-Up,0.6763,ACOT7
ENSG00000099326,Up-Down-Up,0.5129,MZF1
ENSG00000099624,Up-Down-Up,0.592,ATP5F1D
ENSG00000099795,Up-Down-Up,0.5621,NDUFB7
ENSG00000099800,Up-Down-Up,0.7165,TIMM13
ENSG00000099814,Up-Down-Up,0.5025,CEP170B
ENSG00000099821,Up-Down-Up,0.5217,POLRMT
ENSG00000099875,Up-Down-Up,0.5379,MKNK2
ENSG00000099904,Up-Down-Up,0.6313,ZDHHC8
ENSG00000099949,Up-Down-Up,0.5054,LZTR1
ENSG00000100065,Up-Down-Up,0.7511,CARD10
ENSG00000100097,Up-Down-Up,0.7448,LGALS1
ENSG00000100239,Up-Down-Up,0.5444,PPP6R2
ENSG00000100241,Up-Down-Up,0.5052,SBF1
ENSG00000100258,Up-Down-Up,0.5071,LMF2
ENSG00000100263,Up-Down-Up,0.6355,RHBDD3
ENSG00000100300,Up-Down-Up,0.5031,TSPO
ENSG00000100359,Up-Down-Up,0.5779,SGSM3
ENSG00000100578,Down-Up-Down,0.5431,KIAA0586
ENSG00000100599,Up-Down-Up,0.5031,RIN3
ENSG00000100629,Down-Up-Down,0.5558,CEP128
ENSG00000100726,Up-Down-Up,0.5439,TELO2
ENSG00000100804,Down-Down-Up,0.5002,PSMB5
ENSG00000100815,Down-Up-Down,0.629,TRIP11
ENSG00000100836,Down-Up-Down,0.5345,PABPN1
ENSG00000100906,Down-Up-Down,0.5657,NFKBIA
ENSG00000101104,Up-Down-Up,0.6734,PABPC1L
ENSG00000101246,Up-Down-Up,0.6549,ARFRP1
ENSG00000101363,Down-Down-Up,0.5082,MANBAL
ENSG00000101439,Up-Down-Up,0.581,CST3
ENSG00000101745,Down-Up-Down,0.8499,ANKRD12
ENSG00000102189,Down-Up-Down,0.571,EEA1
ENSG00000102390,Down-Up-Down,0.5062,PBDC1
ENSG00000102401,Down-Up-Down,0.564,ARMCX3
ENSG00000102580,Down-Up-Down,0.5832,DNAJC3
ENSG00000102854,Up-Down-Up,0.5412,MSLN
ENSG00000103064,Down-Down-Up,0.5126,SLC7A6
ENSG00000103168,Up-Down-Up,0.6655,TAF1C
ENSG00000103249,Up-Down-Up,0.5734,CLCN7
ENSG00000103335,Up-Down-Up,0.5342,PIEZO1
ENSG00000103363,Up-Down-Up,0.7404,ELOB
ENSG00000104299,Down-Down-Up,0.5083,INTS9
ENSG00000104756,Down-Up-Down,0.5274,KCTD9
ENSG00000104885,Up-Down-Up,0.501,DOT1L
ENSG00000104886,Up-Down-Up,0.6674,PLEKHJ1
ENSG00000104907,Up-Down-Up,0.6163,TRMT1
ENSG00000104936,Up-Down-Up,0.5179,DMPK
ENSG00000104960,Up-Down-Up,0.5601,PTOV1
ENSG00000104973,Up-Down-Up,0.5012,MED25
ENSG00000105135,Up-Down-Up,0.5144,ILVBL
ENSG00000105325,Up-Down-Up,0.6579,FZR1
ENSG00000105364,Up-Down-Up,0.6217,MRPL4
ENSG00000105397,Up-Down-Up,0.5801,TYK2
ENSG00000105404,Up-Down-Up,0.5169,RABAC1
ENSG00000105552,Up-Down-Up,0.5804,BCAT2
ENSG00000105671,Up-Down-Up,0.6904,DDX49
ENSG00000105726,Up-Down-Up,0.534,ATP13A1
ENSG00000105755,Down-Down-Up,0.5228,ETHE1
ENSG00000105835,Down-Up-Down,0.5002,NAMPT
ENSG00000106003,Up-Down-Up,0.5255,LFNG
ENSG00000106009,Up-Down-Up,0.5026,BRAT1
ENSG00000106089,Up-Down-Up,0.6523,STX1A
ENSG00000106211,Up-Down-Up,0.5732,HSPB1
ENSG00000106266,Up-Down-Up,0.5253,SNX8
ENSG00000107223,Up-Down-Up,0.5069,EDF1
ENSG00000107331,Up-Down-Up,0.5708,ABCA2
ENSG00000107816,Up-Down-Up,0.5111,LZTS2
ENSG00000108061,Down-Up-Down,0.5092,SHOC2
ENSG00000108468,Down-Up-Down,0.5012,CBX1
ENSG00000108479,Up-Down-Up,0.5131,GALK1
ENSG00000108510,Down-Up-Down,0.5,MED13
ENSG00000108639,Up-Down-Up,0.5405,SYNGR2
ENSG00000108679,Up-Down-Up,0.522,LGALS3BP
ENSG00000108784,Up-Down-Up,0.5652,NAGLU
ENSG00000108953,Down-Up-Down,0.5045,YWHAE
ENSG00000109171,Down-Up-Down,0.5015,SLAIN2
ENSG00000109321,Down-Up-Down,0.5472,AREG
ENSG00000109534,Down-Up-Down,0.5018,GAR1
ENSG00000109572,Down-Up-Down,0.5018,CLCN3
ENSG00000109610,Up-Down-Up,0.5187,SOD3
ENSG00000109814,Down-Up-Down,0.6913,UGDH
ENSG00000109881,Down-Up-Down,0.5209,CCDC34
ENSG00000110330,Down-Up-Down,0.5457,BIRC2
ENSG00000110717,Up-Down-Up,0.6817,NDUFS8
ENSG00000110719,Up-Down-Up,0.6063,TCIRG1
ENSG00000111678,Up-Down-Up,0.6124,C12orf57
ENSG00000111775,Down-Down-Up,0.5358,COX6A1
ENSG00000111832,Down-Up-Down,0.5014,RWDD1
ENSG00000112419,Down-Up-Down,0.5085,PHACTR2
ENSG00000112695,Down-Down-Up,0.5006,COX7A2
ENSG00000112715,Up-Down-Up,0.6061,VEGFA
ENSG00000112742,Down-Up-Down,0.5225,TTK
ENSG00000112984,Down-Up-Up,0.5002,KIF20A
ENSG00000113141,Down-Up-Down,0.5015,IK
ENSG00000113369,Down-Up-Down,0.524,ARRDC3
ENSG00000113716,Down-Down-Up,0.5003,HMGXB3
ENSG00000114062,Down-Up-Down,0.5019,UBE3A
ENSG00000114107,Down-Up-Down,0.5059,CEP70
ENSG00000114388,Down-Down-Up,0.5248,NPRL2
ENSG00000114812,Up-Down-Up,0.5517,VIPR1
ENSG00000114857,Up-Down-Down,0.5041,NKTR
ENSG00000115145,Down-Up-Down,0.5041,STAM2
ENSG00000115266,Up-Down-Up,0.5112,APC2
ENSG00000115268,Up-Down-Up,0.5478,RPS15
ENSG00000115339,Down-Up-Down,0.5003,GALNT3
ENSG00000115355,Down-Up-Down,0.5184,CCDC88A
ENSG00000115504,Down-Up-Down,0.6081,EHBP1
ENSG00000115694,Up-Down-Up,0.558,STK25
ENSG00000116044,Down-Up-Down,0.5025,NFE2L2
ENSG00000116213,Up-Down-Up,0.5614,WRAP73
ENSG00000116691,Up-Down-Up,0.5739,MIIP
ENSG00000117318,Down-Up-Down,0.775,ID3
ENSG00000117448,Down-Down-Up,0.5265,AKR1A1
ENSG00000117505,Down-Up-Down,0.5007,DR1
ENSG00000118193,Down-Up-Down,0.5647,KIF14
ENSG00000118363,Down-Up-Down,0.5065,SPCS2
ENSG00000118564,Down-Up-Down,0.9152,FBXL5
ENSG00000118898,Up-Down-Up,0.5371,PPL
ENSG00000119333,Up-Down-Up,0.5368,WDR34
ENSG00000119559,Up-Down-Up,0.5545,C19orf25
ENSG00000119844,Down-Up-Down,0.5155,AFTPH
ENSG00000120256,Down-Up-Down,0.5129,LRP11
ENSG00000120686,Down-Up-Down,0.5971,UFM1
ENSG00000120837,Down-Up-Down,0.5196,NFYB
ENSG00000120913,Up-Down-Up,0.5976,PDLIM2
ENSG00000121236,Down-Up-Down,0.5375,TRIM6
ENSG00000121274,Down-Up-Down,0.5081,TENT4B
ENSG00000121621,Down-Up-Down,0.7921,KIF18A
ENSG00000121749,Down-Up-Down,0.5208,TBC1D15
ENSG00000121851,Down-Up-Down,0.5092,POLR3GL
ENSG00000121900,Up-Down-Up,0.5587,TMEM54
ENSG00000121931,Down-Up-Down,0.5724,LRIF1
ENSG00000122257,Down-Up-Down,0.5286,RBBP6
ENSG00000122483,Down-Up-Down,0.6722,CCDC18
ENSG00000122490,Up-Down-Up,0.52,PQLC1
ENSG00000122958,Down-Up-Down,0.5017,VPS26A
ENSG00000123159,Up-Down-Up,0.5663,GIPC1
ENSG00000123200,Down-Up-Down,0.5219,ZC3H13
ENSG00000123933,Up-Down-Up,0.5678,MXD4
ENSG00000124104,Up-Down-Up,0.552,SNX21
ENSG00000124574,Up-Down-Up,0.5835,ABCC10
ENSG00000124783,Down-Up-Down,0.524,SSR1
ENSG00000124882,Down-Up-Down,0.5528,EREG
ENSG00000125503,Up-Down-Up,0.5127,PPP1R12C
ENSG00000125817,Up-Up-Down,0.5785,CENPB
ENSG00000125826,Up-Down-Up,0.5166,RBCK1
ENSG00000125952,Down-Up-Down,0.518,MAX
ENSG00000125967,Up-Down-Up,0.5093,NECAB3
ENSG00000125968,Down-Up-Down,0.8026,ID1
ENSG00000125995,Up-Down-Up,0.5715,ROMO1
ENSG00000126215,Up-Down-Up,0.6407,XRCC3
ENSG00000126391,Up-Down-Up,0.5666,FRMD8
ENSG00000126461,Up-Up-Down,0.7073,SCAF1
ENSG00000126756,Down-Down-Up,0.5552,UXT
ENSG00000126787,Down-Up-Down,0.523,DLGAP5
ENSG00000127399,Up-Down-Up,0.5187,LRRC61
ENSG00000127419,Up-Down-Up,0.5238,TMEM175
ENSG00000127511,Up-Down-Up,0.5241,SIN3B
ENSG00000127533,Up-Down-Up,0.5984,F2RL3
ENSG00000127586,Up-Down-Up,0.5174,CHTF18
ENSG00000127914,Down-Up-Down,0.7438,AKAP9
ENSG00000128159,Up-Down-Up,0.6069,TUBGCP6
ENSG00000128185,Up-Down-Up,0.5619,DGCR6L
ENSG00000128590,Down-Up-Down,0.9178,DNAJB9
ENSG00000128626,Up-Down-Up,0.5562,MRPS12
ENSG00000129128,Down-Up-Down,0.7053,SPCS3
ENSG00000129317,Down-Down-Down,0.5515,PUS7L
ENSG00000129534,Down-Up-Down,0.542,MIS18BP1
ENSG00000129562,Down-Down-Up,0.5002,DAD1
ENSG00000129566,Up-Down-Up,0.5277,TEP1
ENSG00000129680,Down-Up-Down,0.5018,MAP7D3
ENSG00000129810,Down-Up-Down,0.5146,SGO1
ENSG00000129925,Up-Down-Up,0.5209,TMEM8A
ENSG00000129968,Up-Down-Up,0.5496,ABHD17A
ENSG00000130255,Up-Down-Up,0.5528,RPL36
ENSG00000130299,Up-Down-Up,0.5488,GTPBP3
ENSG00000130511,Up-Down-Up,0.5133,SSBP4
ENSG00000130589,Up-Down-Up,0.546,HELZ2
ENSG00000130669,Up-Up-Down,0.5731,PAK4
ENSG00000130702,Up-Down-Up,0.5052,LAMA5
ENSG00000130731,Up-Down-Up,0.5687,METTL26
ENSG00000130734,Up-Down-Up,0.5435,ATG4D
ENSG00000130827,Up-Down-Up,0.5365,PLXNA3
ENSG00000131171,Down-Up-Down,0.505,SH3BGRL
ENSG00000131435,Up-Down-Up,0.5546,PDLIM4
ENSG00000131584,Up-Down-Up,0.6349,ACAP3
ENSG00000131591,Up-Down-Up,0.5272,C1orf159
ENSG00000131899,Up-Down-Up,0.5808,LLGL1
ENSG00000132017,Up-Down-Up,0.5124,DCAF15
ENSG00000132424,Up-Down-Down,0.5316,PNISR
ENSG00000132481,Up-Down-Up,0.538,TRIM47
ENSG00000132635,Up-Down-Up,0.6338,PCED1A
ENSG00000132821,Up-Down-Up,0.5493,VSTM2L
ENSG00000133243,Up-Down-Up,0.5586,BTBD2
ENSG00000133265,Up-Down-Up,0.5293,HSPBP1
ENSG00000133612,Up-Down-Up,0.5286,AGAP3
ENSG00000133773,Down-Up-Down,0.524,CCDC59
ENSG00000134057,Down-Up-Up,0.5,CCNB1
ENSG00000134690,Down-Up-Up,0.5,CDCA8
ENSG00000134825,Down-Down-Up,0.5724,TMEM258
ENSG00000134970,Down-Up-Down,0.5013,TMED7
ENSG00000135002,Down-Up-Down,0.5002,RFK
ENSG00000135521,Down-Up-Down,0.5797,LTV1
ENSG00000135596,Up-Down-Up,0.5086,MICAL1
ENSG00000136270,Up-Down-Up,0.53,TBRG4
ENSG00000136603,Down-Up-Down,0.5255,SKIL
ENSG00000136819,Down-Up-Down,0.5426,C9orf78
ENSG00000137700,Down-Down-Up,0.5209,SLC37A4
ENSG00000137812,Down-Up-Down,0.5165,KNL1
ENSG00000137818,Up-Down-Up,0.6979,RPLP1
ENSG00000138160,Down-Up-Down,0.5069,KIF11
ENSG00000138166,Down-Down-Up,0.504,DUSP5
ENSG00000138180,Down-Up-Down,0.5074,CEP55
ENSG00000138182,Down-Up-Down,0.7354,KIF20B
ENSG00000138398,Down-Up-Down,0.5455,PPIG
ENSG00000138433,Down-Up-Down,0.5129,CIR1
ENSG00000138709,Down-Up-Down,0.5995,LARP1B
ENSG00000138768,Down-Up-Down,0.5346,USO1
ENSG00000138778,Down-Up-Down,0.9187,CENPE
ENSG00000138834,Up-Down-Up,0.7249,MAPK8IP3
ENSG00000139289,Down-Up-Down,0.5,PHLDA1
ENSG00000139350,Up-Down-Down,0.5203,NEDD1
ENSG00000139734,Down-Up-Down,0.5014,DIAPH3
ENSG00000139880,Up-Down-Up,0.5653,CDH24
ENSG00000140259,Down-Up-Down,0.5383,MFAP1
ENSG00000140365,Up-Down-Up,0.6307,COMMD4
ENSG00000140400,Up-Down-Up,0.6603,MAN2C1
ENSG00000140859,Up-Down-Up,0.507,KIFC3
ENSG00000140983,Up-Down-Up,0.6834,RHOT2
ENSG00000140995,Up-Down-Up,0.5291,DEF8
ENSG00000141258,Up-Down-Up,0.6547,SGSM2
ENSG00000141295,Up-Down-Up,0.5522,SCRN2
ENSG00000141524,Up-Down-Up,0.5103,TMC6
ENSG00000141959,Up-Down-Up,0.5075,PFKL
ENSG00000142208,Up-Down-Up,0.5074,AKT1
ENSG00000142327,Up-Down-Up,0.628,RNPEPL1
ENSG00000142546,Up-Down-Up,0.5274,NOSIP
ENSG00000143401,Down-Up-Down,0.5051,ANP32E
ENSG00000143507,Down-Up-Down,0.5511,DUSP10
ENSG00000143537,Up-Down-Up,0.5192,ADAM15
ENSG00000143545,Down-Up-Down,0.5266,RAB13
ENSG00000143774,Up-Down-Up,0.6449,GUK1
ENSG00000143816,Up-Down-Up,0.579,WNT9A
ENSG00000144674,Down-Up-Down,0.8777,GOLGA4
ENSG00000145214,Up-Down-Up,0.5479,DGKQ
ENSG00000145375,Down-Up-Down,0.5572,SPATA5
ENSG00000145833,Down-Up-Down,0.5867,DDX46
ENSG00000146067,Up-Down-Up,0.5886,FAM193B
ENSG00000146094,Up-Down-Up,0.5326,DOK3
ENSG00000146828,Up-Down-Up,0.6125,SLC12A9
ENSG00000146830,Up-Down-Up,0.5858,GIGYF1
ENSG00000146858,Down-Down-Up,0.5014,ZC3HAV1L
ENSG00000147403,Down-Down-Up,0.5015,RPL10
ENSG00000147649,Down-Up-Down,0.5017,MTDH
ENSG00000148341,Up-Down-Up,0.6393,SH3GLB2
ENSG00000148343,Up-Down-Up,0.5518,MIGA2
ENSG00000148362,Up-Down-Up,0.7456,PAXX
ENSG00000148384,Up-Down-Up,0.5778,INPP5E
ENSG00000148690,Down-Up-Down,0.5286,FRA10AC1
ENSG00000149091,Up-Down-Up,0.5335,DGKZ
ENSG00000149212,Down-Up-Down,0.6012,SESN3
ENSG00000149541,Up-Down-Up,0.6258,B3GAT3
ENSG00000149761,Up-Down-Up,0.5106,NUDT22
ENSG00000149798,Up-Down-Up,0.5649,CDC42EP2
ENSG00000149929,Down-Up-Down,0.5565,HIRIP3
ENSG00000150593,Down-Up-Down,0.5964,PDCD4
ENSG00000150768,Down-Up-Down,0.5012,DLAT
ENSG00000151012,Down-Up-Down,0.9235,SLC7A11
ENSG00000151135,Down-Up-Down,0.5086,TMEM263
ENSG00000151292,Down-Up-Down,0.5011,CSNK1G3
ENSG00000151304,Down-Up-Down,0.5921,SRFBP1
ENSG00000151461,Down-Up-Down,0.544,UPF2
ENSG00000151466,Down-Up-Down,0.5412,SCLT1
ENSG00000151651,Up-Down-Up,0.5062,ADAM8
ENSG00000151835,Down-Down-Down,0.5004,SACS
ENSG00000151914,Down-Down-Down,0.6778,DST
ENSG00000152404,Down-Up-Down,0.574,CWF19L2
ENSG00000153147,Down-Up-Down,0.5052,SMARCA5
ENSG00000153989,Down-Up-Down,0.5582,NUS1
ENSG00000154305,Down-Up-Down,0.5222,MIA3
ENSG00000155287,Down-Down-Up,0.5614,SLC25A28
ENSG00000155304,Down-Up-Down,0.5036,HSPA13
ENSG00000155660,Down-Up-Down,0.5001,PDIA4
ENSG00000155827,Down-Up-Down,0.5198,RNF20
ENSG00000156650,Down-Up-Down,0.5205,KAT6B
ENSG00000156735,Down-Up-Down,0.5153,BAG4
ENSG00000156873,Down-Down-Up,0.5075,PHKG2
ENSG00000157483,Down-Up-Down,0.5819,MYO1E
ENSG00000157637,Up-Down-Up,0.508,SLC38A10
ENSG00000158062,Up-Down-Up,0.5867,UBXN11
ENSG00000158292,Up-Down-Up,0.6922,GPR153
ENSG00000158863,Up-Down-Up,0.6362,FAM160B2
ENSG00000159069,Up-Down-Up,0.5026,FBXW5
ENSG00000159199,Down-Down-Up,0.5151,ATP5MC1
ENSG00000159363,Up-Down-Up,0.5387,ATP13A2
ENSG00000159720,Down-Down-Up,0.5197,ATP6V0D1
ENSG00000160072,Up-Down-Up,0.7423,ATAD3B
ENSG00000160271,Up-Down-Up,0.521,RALGDS
ENSG00000160326,Up-Down-Up,0.5275,SLC2A6
ENSG00000160360,Up-Down-Up,0.5285,GPSM1
ENSG00000160613,Up-Down-Up,0.6419,PCSK7
ENSG00000160796,Up-Down-Up,0.6755,NBEAL2
ENSG00000160948,Up-Down-Up,0.579,VPS28
ENSG00000160949,Up-Down-Up,0.5104,TONSL
ENSG00000160953,Up-Down-Up,0.5266,MUM1
ENSG00000160957,Up-Down-Up,0.6812,RECQL4
ENSG00000160959,Up-Down-Up,0.6144,LRRC14
ENSG00000160972,Up-Down-Up,0.5289,PPP1R16A
ENSG00000161013,Up-Down-Up,0.5338,MGAT4B
ENSG00000161671,Up-Down-Up,0.5133,EMC10
ENSG00000161996,Up-Down-Up,0.7122,WDR90
ENSG00000162066,Up-Down-Up,0.5191,AMDHD2
ENSG00000162244,Up-Down-Up,0.7766,RPL29
ENSG00000162302,Up-Down-Up,0.5511,RPS6KA4
ENSG00000162337,Up-Down-Up,0.5002,LRP5
ENSG00000162572,Up-Down-Up,0.5197,SCNN1D
ENSG00000162576,Up-Down-Up,0.5798,MXRA8
ENSG00000162585,Up-Down-Up,0.5033,FAAP20
ENSG00000162616,Down-Up-Down,0.5965,DNAJB4
ENSG00000163001,Down-Up-Down,0.5236,CFAP36
ENSG00000163166,Down-Up-Down,0.5159,IWS1
ENSG00000163170,Down-Up-Down,0.5118,BOLA3
ENSG00000163297,Down-Up-Down,0.5,ANTXR2
ENSG00000163479,Down-Down-Up,0.5004,SSR2
ENSG00000163507,Down-Up-Down,0.5199,CIP2A
ENSG00000163510,Down-Up-Down,0.6153,CWC22
ENSG00000163535,Down-Up-Down,0.6045,SGO2
ENSG00000163683,Down-Up-Down,0.5997,SMIM14
ENSG00000163702,Up-Down-Up,0.5123,IL17RC
ENSG00000163798,Down-Up-Down,0.5384,SLC4A1AP
ENSG00000163808,Down-Up-Down,0.5073,KIF15
ENSG00000163818,Down-Up-Down,0.5495,LZTFL1
ENSG00000163832,Down-Down-Up,0.5025,ELP6
ENSG00000163956,Up-Down-Up,0.5003,LRPAP1
ENSG00000164031,Down-Up-Down,0.5171,DNAJB14
ENSG00000164081,Up-Down-Up,0.5124,TEX264
ENSG00000164109,Down-Up-Down,0.5025,MAD2L1
ENSG00000164190,Down-Up-Down,0.5173,NIPBL
ENSG00000164292,Down-Up-Down,0.7713,RHOBTB3
ENSG00000164463,Down-Up-Down,0.5034,CREBRF
ENSG00000164611,Down-Down-Up,0.5001,PTTG1
ENSG00000164877,Up-Down-Up,0.6219,MICALL2
ENSG00000164896,Up-Down-Up,0.5492,FASTK
ENSG00000165632,Down-Up-Down,0.5893,TAF3
ENSG00000165684,Up-Down-Up,0.5116,SNAPC4
ENSG00000165792,Down-Down-Up,0.5091,METTL17
ENSG00000165802,Up-Down-Up,0.716,NSMF
ENSG00000165886,Up-Down-Up,0.5481,UBTD1
ENSG00000166166,Up-Down-Up,0.6079,TRMT61A
ENSG00000166477,Down-Up-Down,0.5342,LEO1
ENSG00000166595,Up-Down-Up,0.5061,CIAO2B
ENSG00000166848,Down-Up-Down,0.5454,TERF2IP
ENSG00000166897,Up-Down-Up,0.5367,ELFN2
ENSG00000167397,Down-Down-Up,0.5696,VKORC1
ENSG00000167543,Up-Down-Up,0.5231,TP53I13
ENSG00000167615,Up-Down-Up,0.81,LENG8
ENSG00000167657,Up-Down-Up,0.5145,DAPK3
ENSG00000167671,Up-Down-Up,0.5099,UBXN6
ENSG00000167702,Up-Down-Up,0.5832,KIFC2
ENSG00000167747,Up-Down-Up,0.5269,C19orf48
ENSG00000167775,Up-Down-Up,0.5825,CD320
ENSG00000167779,Up-Down-Up,0.5226,IGFBP6
ENSG00000167880,Up-Down-Up,0.5266,EVPL
ENSG00000167925,Up-Down-Up,0.5359,GHDC
ENSG00000167967,Up-Down-Up,0.633,E4F1
ENSG00000167969,Up-Down-Up,0.5342,ECI1
ENSG00000168010,Up-Down-Up,0.6485,ATG16L2
ENSG00000168397,Up-Down-Up,0.5581,ATG4B
ENSG00000168556,Down-Up-Down,0.5303,ING2
ENSG00000168566,Down-Up-Down,0.5011,SNRNP48
ENSG00000168758,Up-Down-Up,0.5186,SEMA4C
ENSG00000168795,Down-Down-Up,0.5162,ZBTB5
ENSG00000169255,Down-Up-Down,0.5221,B3GALNT1
ENSG00000169359,Down-Up-Down,0.6528,SLC33A1
ENSG00000169429,Down-Up-Down,0.5056,CXCL8
ENSG00000169607,Down-Up-Down,0.5094,CKAP2L
ENSG00000169683,Up-Down-Up,0.5799,LRRC45
ENSG00000169692,Up-Down-Up,0.5101,AGPAT2
ENSG00000169718,Up-Down-Up,0.7646,DUS1L
ENSG00000169727,Up-Down-Up,0.5525,GPS1
ENSG00000169733,Up-Down-Up,0.5995,RFNG
ENSG00000169972,Up-Down-Up,0.5321,PUSL1
ENSG00000170312,Down-Down-Down,0.5816,CDK1
ENSG00000170315,Up-Down-Up,0.5,UBB
ENSG00000170581,Down-Down-Up,0.5018,STAT2
ENSG00000170638,Up-Down-Up,0.563,TRABD
ENSG00000171159,Up-Down-Up,0.5018,C9orf16
ENSG00000171241,Down-Up-Down,0.5003,SHCBP1
ENSG00000171703,Up-Down-Up,0.5074,TCEA2
ENSG00000171858,Up-Down-Up,0.7895,RPS21
ENSG00000172009,Up-Down-Up,0.502,THOP1
ENSG00000172037,Up-Down-Up,0.5322,LAMB2
ENSG00000172167,Down-Up-Down,0.5348,MTBP
ENSG00000172270,Up-Down-Up,0.5,BSG
ENSG00000172354,Up-Down-Up,0.5801,GNB2
ENSG00000172725,Up-Down-Up,0.5106,CORO1B
ENSG00000172927,Up-Down-Up,0.5021,MYEOV
ENSG00000172932,Up-Down-Up,0.5753,ANKRD13D
ENSG00000173153,Up-Down-Up,0.5584,ESRRA
ENSG00000173156,Up-Down-Up,0.5836,RHOD
ENSG00000173272,Up-Down-Up,0.5365,MZT2A
ENSG00000173465,Up-Down-Up,0.5113,SSSCA1
ENSG00000173473,Down-Up-Down,0.5015,SMARCC1
ENSG00000173598,Down-Up-Down,0.5624,NUDT4
ENSG00000173905,Down-Up-Down,0.5012,GOLIM4
ENSG00000173915,Down-Down-Up,0.5172,ATP5MD
ENSG00000174749,Down-Up-Down,0.5016,FAM241A
ENSG00000174780,Down-Up-Down,0.5,SRP72
ENSG00000174851,Up-Down-Up,0.6594,YIF1A
ENSG00000174886,Up-Down-Up,0.5103,NDUFA11
ENSG00000174891,Down-Up-Down,0.509,RSRC1
ENSG00000174917,Up-Down-Up,0.5511,C19orf70
ENSG00000175061,Down-Down-Up,0.5001,LRRC75A-AS1
ENSG00000175105,Down-Up-Down,0.5126,ZNF654
ENSG00000175221,Up-Down-Up,0.5117,MED16
ENSG00000175305,Down-Down-Down,0.5176,CCNE2
ENSG00000175550,Up-Up-Down,0.6643,DRAP1
ENSG00000175573,Up-Down-Up,0.5866,C11orf68
ENSG00000175582,Down-Up-Down,0.5002,RAB6A
ENSG00000175756,Up-Down-Up,0.5239,AURKAIP1
ENSG00000175866,Up-Down-Up,0.5781,BAIAP2
ENSG00000176018,Down-Up-Down,0.5824,LYSMD3
ENSG00000176155,Up-Down-Up,0.6436,CCDC57
ENSG00000176619,Up-Up-Down,0.5001,LMNB2
ENSG00000176697,Down-Up-Down,0.5454,BDNF
ENSG00000176978,Up-Down-Up,0.6186,DPP7
ENSG00000177106,Up-Down-Up,0.5273,EPS8L2
ENSG00000177427,Up-Down-Up,0.5146,MIEF2
ENSG00000177595,Up-Down-Up,0.5261,PIDD1
ENSG00000177666,Up-Down-Up,0.5982,PNPLA2
ENSG00000177700,Up-Down-Up,0.715,POLR2L
ENSG00000177728,Up-Down-Up,0.5173,TMEM94
ENSG00000177943,Up-Down-Up,0.5735,MAMDC4
ENSG00000178038,Up-Down-Up,0.6299,ALS2CL
ENSG00000178105,Down-Up-Down,0.5152,DDX10
ENSG00000178188,Up-Down-Up,0.5332,SH2B1
ENSG00000178685,Up-Down-Up,0.6594,PARP10
ENSG00000178719,Up-Down-Up,0.5674,GRINA
ENSG00000178896,Up-Down-Up,0.5321,EXOSC4
ENSG00000178950,Up-Down-Up,0.5223,GAK
ENSG00000178971,Down-Down-Up,0.5195,CTC1
ENSG00000179085,Up-Down-Up,0.5018,DPM3
ENSG00000179364,Up-Down-Up,0.6155,PACS2
ENSG00000179630,Down-Up-Down,0.5705,LACC1
ENSG00000179832,Up-Down-Up,0.5198,MROH1
ENSG00000179950,Up-Down-Up,0.5651,PUF60
ENSG00000179958,Down-Down-Up,0.5615,DCTPP1
ENSG00000180185,Down-Up-Down,0.5098,FAHD1
ENSG00000180448,Up-Down-Up,0.5052,ARHGAP45
ENSG00000180879,Up-Down-Up,0.538,SSR4
ENSG00000182010,Down-Up-Down,0.5089,RTKN2
ENSG00000182095,Up-Up-Down,0.6162,TNRC18
ENSG00000182154,Up-Down-Up,0.5654,MRPL41
ENSG00000182158,Down-Up-Down,0.8646,CREB3L2
ENSG00000182325,Up-Down-Up,0.5026,FBXL6
ENSG00000182774,Down-Down-Up,0.5017,RPS17
ENSG00000182827,Down-Up-Down,0.5317,ACBD3
ENSG00000183010,Up-Down-Up,0.6025,PYCR1
ENSG00000183011,Up-Down-Up,0.5415,NAA38
ENSG00000183018,Up-Down-Up,0.6938,SPNS2
ENSG00000183087,Up-Down-Up,0.76,GAS6
ENSG00000183873,Up-Down-Up,0.5741,SCN5A
ENSG00000184207,Up-Down-Up,0.5517,PGP
ENSG00000184281,Up-Down-Up,0.5027,TSSC4
ENSG00000184990,Up-Down-Up,0.7843,SIVA1
ENSG00000185022,Down-Up-Down,0.5263,MAFF
ENSG00000185122,Up-Down-Up,0.6063,HSF1
ENSG00000185189,Up-Down-Up,0.5972,NRBP2
ENSG00000185215,Up-Down-Up,0.6978,TNFAIP2
ENSG00000185324,Up-Down-Up,0.667,CDK10
ENSG00000185504,Up-Down-Up,0.6302,FAAP100
ENSG00000185813,Up-Down-Up,0.5436,PCYT2
ENSG00000185862,Down-Up-Down,0.6187,EVI2B
ENSG00000186111,Up-Down-Up,0.5255,PIP5K1C
ENSG00000186834,Up-Up-Down,0.5148,HEXIM1
ENSG00000187954,Up-Down-Up,0.7311,CYHR1
ENSG00000187961,Up-Down-Up,0.6552,KLHL17
ENSG00000188130,Up-Down-Up,0.6829,MAPK12
ENSG00000188243,Down-Down-Up,0.5237,COMMD6
ENSG00000188566,Up-Down-Up,0.6221,NDOR1
ENSG00000189057,Down-Down-Down,0.5416,FAM111B
ENSG00000189319,Up-Down-Up,0.5404,FAM53B
ENSG00000189410,Up-Down-Up,0.5779,SH2D5
ENSG00000196230,Down-Up-Down,0.5024,TUBB
ENSG00000196576,Up-Down-Up,0.506,PLXNB2
ENSG00000196642,Up-Down-Up,0.5579,RABL6
ENSG00000196655,Down-Down-Up,0.5022,TRAPPC4
ENSG00000196923,Up-Down-Up,0.5451,PDLIM7
ENSG00000197070,Up-Down-Up,0.5803,ARRDC1
ENSG00000197111,Down-Down-Up,0.5111,PCBP2
ENSG00000197119,Up-Down-Up,0.5685,SLC25A29
ENSG00000197136,Up-Down-Up,0.5759,PCNX3
ENSG00000197150,Up-Down-Up,0.6028,ABCB8
ENSG00000197457,Up-Down-Up,0.5396,STMN3
ENSG00000197785,Up-Down-Up,0.5033,ATAD3A
ENSG00000197858,Up-Down-Up,0.6591,GPAA1
ENSG00000197912,Up-Down-Up,0.5582,SPG7
ENSG00000197956,Up-Down-Up,0.5089,S100A6
ENSG00000198026,Up-Down-Up,0.5098,ZNF335
ENSG00000198042,Down-Up-Down,0.5645,MAK16
ENSG00000198089,Up-Down-Up,0.654,SFI1
ENSG00000198121,Down-Up-Down,0.5043,LPAR1
ENSG00000198157,Down-Up-Down,0.5132,HMGN5
ENSG00000198171,Up-Up-Down,0.5764,DDRGK1
ENSG00000198431,Down-Up-Down,0.9997,TXNRD1
ENSG00000198604,Down-Up-Down,0.506,BAZ1A
ENSG00000198707,Down-Up-Down,0.7451,CEP290
ENSG00000198730,Down-Up-Down,0.5003,CTR9
ENSG00000198753,Up-Down-Up,0.6158,PLXNB3
ENSG00000198755,Up-Down-Up,0.5003,RPL10A
ENSG00000198805,Down-Down-Up,0.5085,PNP
ENSG00000198830,Up-Up-Down,0.8388,HMGN2
ENSG00000198900,Down-Up-Down,0.5026,TOP1
ENSG00000198931,Up-Down-Up,0.5602,APRT
ENSG00000204104,Down-Up-Down,0.5286,TRAF3IP1
ENSG00000204120,Down-Up-Down,0.5646,GIGYF2
ENSG00000204209,Down-Up-Down,0.5352,DAXX
ENSG00000204628,Down-Down-Up,0.5,RACK1
ENSG00000205356,Up-Down-Up,0.5372,TECPR1
ENSG00000205531,Down-Up-Down,0.5574,NAP1L4
ENSG00000205544,Down-Down-Up,0.5529,TMEM256
ENSG00000206503,Up-Down-Down,0.9075,HLA-A
ENSG00000213339,Up-Down-Up,0.6686,QTRT1
ENSG00000213465,Up-Down-Up,0.5108,ARL2
ENSG00000213741,Down-Down-Up,0.5378,RPS29
ENSG00000213903,Up-Down-Up,0.5826,LTB4R
ENSG00000213930,Down-Down-Up,0.5078,GALT
ENSG00000214063,Up-Down-Up,0.5075,TSPAN4
ENSG00000214367,Down-Up-Down,0.5074,HAUS3
ENSG00000214655,Up-Down-Up,0.5045,ZSWIM8
ENSG00000215908,Up-Down-Up,0.5581,CROCCP2
ENSG00000224051,Up-Down-Up,0.5386,CPTP
ENSG00000225630,Down-Down-Up,0.5205,MTND2P28
ENSG00000225697,Up-Down-Up,0.5397,SLC26A6
ENSG00000228232,Down-Down-Up,0.5242,GAPDHP1
ENSG00000228300,Up-Down-Up,0.5174,C19orf24
ENSG00000228716,Down-Up-Down,0.5433,DHFR
ENSG00000229644,Down-Up-Down,0.5517,NAMPTP1
ENSG00000230629,Down-Down-Up,0.5158,RPS23P8
ENSG00000232956,Down-Down-Up,0.5053,SNHG15
ENSG00000233016,Up-Down-Up,0.6495,SNHG7
ENSG00000233276,Up-Down-Up,0.5517,GPX1
ENSG00000237973,Down-Up-Up,0.6453,MTCO1P12
ENSG00000242802,Up-Down-Up,0.5351,AP5Z1
ENSG00000247596,Up-Down-Up,0.5215,TWF2
ENSG00000248527,Down-Down-Up,0.5978,MTATP6P1
ENSG00000249353,Down-Up-Down,0.5009,NPM1P27
ENSG00000254470,Up-Down-Up,0.5247,AP5B1
ENSG00000261236,Up-Down-Up,0.5078,BOP1
ENSG00000262919,Up-Down-Up,0.5411,CCNQ
ENSG00000270647,Down-Up-Down,0.5034,TAF15
ENSG00000275342,Up-Down-Up,0.5513,PRAG1
ENSG00000277443,Down-Up-Down,0.5021,MARCKS
